<?xml version="1.0" encoding="UTF-8"?>
<metadata xml:lang="en"><Esri><CreaDate>20250410</CreaDate><CreaTime>17385900</CreaTime><ArcGISFormat>1.0</ArcGISFormat><SyncOnce>TRUE</SyncOnce><DataProperties><lineage><Process ToolSource="c:\program files\arcgis\pro\Resources\ArcToolbox\toolboxes\Conversion Tools.tbx\RasterToPolygon" Date="20250410" Time="173859">RasterToPolygon C:\Users\ADMIN\Downloads\LULC_2020.tif "D:\LSU DOCUMENT\2025 SPRING SEMESTER\GIS Programming\GIS PROJECT\GIS PROJECT\LULC_2020_Tool1\lulc_vectorized.shp" NO_SIMPLIFY Value SINGLE_OUTER_PART #</Process><Process ToolSource="c:\program files\arcgis\pro\Resources\ArcToolbox\toolboxes\Data Management Tools.tbx\AddField" Date="20250410" Time="173900">AddField "D:\LSU DOCUMENT\2025 SPRING SEMESTER\GIS Programming\GIS PROJECT\GIS PROJECT\LULC_2020_Tool1\lulc_vectorized.shp" Area_m2 DOUBLE # # # # NULLABLE NON_REQUIRED #</Process><Process ToolSource="c:\program files\arcgis\pro\Resources\ArcToolbox\toolboxes\Data Management Tools.tbx\AddField" Date="20250410" Time="173901">AddField "D:\LSU DOCUMENT\2025 SPRING SEMESTER\GIS Programming\GIS PROJECT\GIS PROJECT\LULC_2020_Tool1\lulc_vectorized.shp" Area_ha DOUBLE # # # # NULLABLE NON_REQUIRED #</Process></lineage></DataProperties></Esri></metadata>
